{"_id":{"$oid":"5a393c2f822db50cb75a58e6"},"idjadwalkuliah":1,"idpj":0,"idmatakuliah":1,"idruangan":1,"waktu":"08.00 - 10.00","hari":"Senin","kelasparalel":"K1"}
{"_id":{"$oid":"5a393c3d822db50cb75a58ec"},"idjadwalkuliah":2,"idpj":0,"idmatakuliah":2,"idruangan":2,"waktu":"10.00 - 12.00","hari":"Selasa","kelasparalel":"K2"}
{"_id":{"$oid":"5a393c4b822db50cb75a58f0"},"idjadwalkuliah":3,"idpj":0,"idmatakuliah":3,"idruangan":3,"waktu":"13.00 - 15.00","hari":"Rabu","kelasparalel":"K1"}
{"_id":{"$oid":"5a39ad57822db50cb75a69ea"},"idjadwalkuliah":4,"idpj":0,"idmatakuliah":3,"idruangan":3,"waktu":"10.00 - 12.00","hari":"Rabu","kelasparalel":"K2"}
