{"_id":{"$oid":"5a2cc0e7013b4f4e39f439dc"},"idmatakuliah":1,"namamatakuliah":"Analisis Algoritme","kodematakuliah":"KOM401","idkordinator":4,"semester":6,"sks":"3(2-2)"}
{"_id":{"$oid":"5a2cc10a013b4f4e39f439e3"},"idmatakuliah":2,"namamatakuliah":"Data Mining","kodematakuliah":"KOM332","idkordinator":4,"semester":6,"sks":"3(2-2)"}
{"_id":{"$oid":"5a2cc14c013b4f4e39f439f2"},"idmatakuliah":3,"namamatakuliah":"Grafika Komputer","kodematakuliah":"KOM300","idkordinator":5,"semester":5,"sks":"3(2-2)"}
