{"_id":{"$oid":"5a3b6e01822db50cb75d7ebe"},"idpesan":1,"isipesan":"haha","idcgd":1,"idpengirim":3,"sendat":{"$date":"2017-12-21T08:17:05.883Z"},"classpengirim":"TataUsaha"}
{"_id":{"$oid":"5a3b6e06822db50cb75d7f10"},"idpesan":2,"isipesan":"tes","idcgd":1,"idpengirim":3,"sendat":{"$date":"2017-12-21T08:17:10.604Z"},"classpengirim":"TataUsaha"}
{"_id":{"$oid":"5a3b6e11822db50cb75d7f65"},"idpesan":3,"isipesan":"tes","idcgd":2,"idpengirim":3,"sendat":{"$date":"2017-12-21T08:17:21.595Z"},"classpengirim":"TataUsaha"}
{"_id":{"$oid":"5a3b6e33822db50cb75d814e"},"idpesan":4,"isipesan":"hahaha","idcgd":1,"idpengirim":4,"sendat":{"$date":"2017-12-21T08:17:55.009Z"},"classpengirim":"Dosen"}
{"_id":{"$oid":"5a3b6e37822db50cb75d81c7"},"idpesan":5,"isipesan":"tes jumlah","idcgd":1,"idpengirim":4,"sendat":{"$date":"2017-12-21T08:17:59.793Z"},"classpengirim":"Dosen"}
{"_id":{"$oid":"5a3b6e42822db50cb75d825d"},"idpesan":6,"isipesan":"nice","idcgd":2,"idpengirim":4,"sendat":{"$date":"2017-12-21T08:18:10.603Z"},"classpengirim":"Dosen"}
{"_id":{"$oid":"5a3b75a6822db50cb75d8884"},"idpesan":7,"isipesan":"","idcgd":0,"idpengirim":3,"sendat":{"$date":"2017-12-21T08:49:42.726Z"},"classpengirim":"TataUsaha"}
{"_id":{"$oid":"5a3b75ae822db50cb75d8910"},"idpesan":8,"isipesan":"halo\n","idcgd":0,"idpengirim":3,"sendat":{"$date":"2017-12-21T08:49:50.958Z"},"classpengirim":"TataUsaha"}
{"_id":{"$oid":"5a3b75b7822db50cb75d89c7"},"idpesan":9,"isipesan":"","idcgd":0,"idpengirim":3,"sendat":{"$date":"2017-12-21T08:49:59.679Z"},"classpengirim":"TataUsaha"}
{"_id":{"$oid":"5a3b761c822db50cb75d90bb"},"idpesan":10,"isipesan":"hai apa kabar","idcgd":0,"idpengirim":3,"sendat":{"$date":"2017-12-21T08:51:40.979Z"},"classpengirim":"TataUsaha"}
{"_id":{"$oid":"5a3b7622822db50cb75d9203"},"idpesan":11,"isipesan":"halo\n","idcgd":0,"idpengirim":3,"sendat":{"$date":"2017-12-21T08:51:46.595Z"},"classpengirim":"TataUsaha"}
