{"_id":{"$oid":"5a395de9822db50cb75a5e3a"},"idpesertakuliah":1,"idjadwalkuliah":1,"iduser":6,"statusmayor":"Mayor","statuspj":""}
{"_id":{"$oid":"5a395dfd822db50cb75a5e3e"},"idpesertakuliah":2,"idjadwalkuliah":1,"iduser":7,"statusmayor":"Mayor","statuspj":""}
{"_id":{"$oid":"5a395e05822db50cb75a5e41"},"idpesertakuliah":3,"idjadwalkuliah":2,"iduser":7,"statusmayor":"Mayor","statuspj":""}
{"_id":{"$oid":"5a395e0a822db50cb75a5e46"},"idpesertakuliah":4,"idjadwalkuliah":2,"iduser":8,"statusmayor":"Mayor","statuspj":""}
{"_id":{"$oid":"5a395e0f822db50cb75a5e49"},"idpesertakuliah":5,"idjadwalkuliah":3,"iduser":8,"statusmayor":"Mayor","statuspj":""}
