{"_id":{"$oid":"5a2cbf57013b4f4e39f439a8"},"iduser":3,"username":"ariefmaulidy","password":"a1dd395c19f3a1f7ff0e6bfe3ee6028e4373b41085a6da776ab02a8baf129abb","class":"TataUsaha"}
{"_id":{"$oid":"5a2cbf75013b4f4e39f439b0"},"iduser":4,"username":"nugroho","password":"a1dd395c19f3a1f7ff0e6bfe3ee6028e4373b41085a6da776ab02a8baf129abb","class":"Dosen"}
{"_id":{"$oid":"5a2cc12f013b4f4e39f439e9"},"iduser":5,"username":"utama","password":"a1dd395c19f3a1f7ff0e6bfe3ee6028e4373b41085a6da776ab02a8baf129abb","class":"Dosen"}
{"_id":{"$oid":"5a395b58822db50cb75a5dd4"},"iduser":6,"username":"febysaputra","password":"a1dd395c19f3a1f7ff0e6bfe3ee6028e4373b41085a6da776ab02a8baf129abb","class":"Mahasiswa"}
{"_id":{"$oid":"5a395b6e822db50cb75a5ddb"},"iduser":7,"username":"rizkiananda","password":"a1dd395c19f3a1f7ff0e6bfe3ee6028e4373b41085a6da776ab02a8baf129abb","class":"Mahasiswa"}
{"_id":{"$oid":"5a395b87822db50cb75a5de3"},"iduser":8,"username":"wawansetyadi","password":"a1dd395c19f3a1f7ff0e6bfe3ee6028e4373b41085a6da776ab02a8baf129abb","class":"Mahasiswa"}
